id,title,width,height,description,short_title,passive
test,Test,2,2,Test description,,false
test_passive,Test,2,2,Test description,,true
mission,Mission,1,1,I am investigating a missing intern case.,,false
identity,My Identity,2,1,My name is Vintage Vincent. I am an inspector.,ID,true
number,Number,1,1,The phone number of the police office.,,true
grandchildren,Grandchildren,2,2,The names and birthday dates of my granchildren. This is my dearest memory!,,true
wife,Wife,4,3,All I remember about my late wife and our 60 years of shared life.,,true
plants,Plants,1,1,I should absolutely water my plants when I come home tonight.,,true
ptsd,PTSD,2,1,I fought in the 2028 civil war. I lost some good friends.,,true
french,French,3,2,I learned how to speak French at school.,,true
year,Year,1,1,The current year is 2033. I think.,,true
vegan,Vegan,1,1,The janitor is vegan.,,false
night,Night Services,1,1,The salon offers some night services. I wonder what this means.,Night,false
kennel,Kennel,1,1,Princess spent the night in the kennel.,,false
stress,Stress,1,1,Princess appears to be stressed.,,false
intern,Intern,1,1,The intern is (was?) called Pascal. What a lovely name!,,false
cooking,Cooking,1,1,"I enjoy cooking, it is the only hobby I have left. Thanks to this memory, I never forget to turn the oven off!",,true
doctor,Doctor,1,1,I have an appointment with my doctor in three days.,,true
cut,Cut,1,1,The groomer appears to cut the hair of the dogs too short. They come back almost bald!,,false
tired,Tired,1,1,That groomer doesn't seem to sleep a lot.,,false
knitting,Knitting,1,1,The receptionist enjoys knitting.,,false
dog_hair,Hair,1,1,The groomer gave a ball of dog based yarn to the receptionist. Curious!,,false
traffic,Traffic,1,1,I am about to bust a hair trafficking ring,,false
